source1_entity_id	matched_entity_ids
S1-514158160	
S1-257022623	S2-997822911
S1-814411654	S3-58560174,S2-598867728,S2-79314424
S1-162483733	S2-715918022,S3-995929807
S1-791451562	S2-928801130,S2-752333280,S2-519200752
S1-429152510	S2-139647216,S2-805465054,S2-121552455,S2-443891762,S2-80499603,S2-763339073,S2-504051980,S2-441734880,S2-33087644,S2-707232036,S2-63674165,S2-968558276,S2-580265486,S2-334949886,S3-104207436,S2-66840941,S2-929829996
S1-974087297	S3-304540199,S2-373655842
S1-556096572	S3-154754090,S2-270084686,S3-641933521
S1-659744096	S3-853821532,S2-808597675
S1-336885598	S2-330276798,S3-50368515
S1-757768792	S3-633874290,S2-224087261
S1-14443757	S2-240593428,S3-921792357,S2-976657121
S1-618938730	S2-234758167,S2-237314138,S3-205001276,S3-126534156,S3-784745104
S1-691414679	S2-884272001,S2-446192694,S3-598190315
S1-272870402	S2-183502935,S3-755817396
S1-173967542	S2-111577448,S3-654408739
S1-218789312	S2-169594535,S2-780149619,S2-353852544,S3-195702476,S3-874375430,S3-149748197
S1-362066698	S2-868633425,S2-599110869
S1-148588117	S2-623688764,S2-996715961
S1-142062462	S2-275491724,S2-601792508,S3-250069981,S2-640677118,S3-256365543,S2-211232464
S1-568171824	S3-164100043,S2-686841011
S1-243953750	S3-31449456,S3-62937621,S3-611274646,S2-677214482
S1-386382376	S3-381447900,S3-451889796,S2-448435060,S2-908463060,S3-672369595
S1-371833247	S2-325541570,S2-111040055,S3-951214481,S3-481752938
S1-441350857	S2-517310649,S3-548362861,S3-303694901,S3-447031521,S3-286420086,S3-586697856
S1-43249907	S2-788573277,S3-80295384,S3-596580357,S3-29345439
S1-53894182	S2-655506949,S2-289051148,S3-59915065,S2-382541116
S1-432907838	S2-101004694
S1-376236818	
S1-776362567	S3-322301105,S3-859664924,S3-114889798,S3-774644905,S2-664019399
S1-99969610	S3-26794517,S3-647713310,S2-405570285,S2-869558896,S2-152623369
S1-961712029	S3-49542716,S2-466771330,S3-445458463
S1-989811555	S2-213890802,S2-648524626,S3-285986992,S3-376975544
S1-608313495	S2-771857675,S3-496775763
S1-136225971	S2-510544205,S3-915565624
S1-794995376	S2-861887989,S2-410895453
S1-380377529	S2-722340266
S1-314760086	S2-101707401,S2-935183039,S3-863747738,S2-451302042,S2-929060134,S2-316588955
S1-305651860	S2-397707724,S3-709304132,S3-81850481,S3-708292886
S1-575404784	S2-825947123,S2-25321910,S3-440921026,S2-978539153
S1-297426421	S2-268438430,S3-947641975,S3-428926227
S1-467677305	S2-411728466,S2-487751586
S1-120701758	S2-963091652
S1-909523057	S3-843507495
S1-490288778	S3-183685068,S2-302508647,S3-490266421,S3-890283385,S2-48548652
S1-130862840	S2-163492516,S2-670296130,S3-687004547,S3-110834171,S3-477614292
S1-824146900	
S1-868091748	S2-196510602,S2-908799797,S3-354158454
S1-663483	S3-967098215,S3-468585918,S3-452720119,S3-192500807
S1-620210081	S3-149081149,S2-244358077,S3-292120934,S2-884129630
S1-422976173	S2-654211348,S2-42556787,S3-158320070,S2-438904170,S2-281435100
S1-428513286	S2-657756848,S3-665101439,S2-555950485,S2-440847338,S2-297228626,S3-198400729,S3-310336033
S1-510826471	S3-50538531,S2-340742655,S2-891875909,S2-471936712,S2-928810225,S3-980053055
S1-901641500	S2-651196868,S2-899263737,S2-410748758,S3-810011649,S3-12566550
S1-177655758	S2-383579832
S1-894612952	S2-553219135,S3-345652355,S3-74825997,S2-845852198
S1-772671622	S2-716962404,S2-296809947,S3-308360677
S1-830999582	S2-960413676,S3-295387913,S2-330128484,S3-152266998,S2-736572023
S1-140372700	S2-451324054,S3-770799998
S1-353357120	S3-960794437,S3-253906129
S1-651956190	S3-683708284,S2-658517813,S3-339563425,S2-273520189,S3-402838157,S3-987853737,S2-921690905
S1-629120593	S2-763348525,S2-949044892,S2-122196610,S3-581189663
S1-653029033	
S1-27440772	S2-644729894,S2-572926694,S3-839750546,S3-378175729,S2-817453003,S2-191875897
S1-287212220	
S1-141187228	S3-260663376
S1-679423431	S2-810245947
S1-847775954	S2-663331582,S2-95727804
S1-478719780	S3-244484632,S2-701582773,S3-835972565,S2-959305884
S1-260712682	S2-484168544,S2-431436404,S2-511120870,S2-997635814,S3-128393061,S3-28983713,S2-76485246,S3-614890504
S1-702293456	S3-750539380,S2-437022764
S1-381930923	S2-790369748,S2-137262901,S3-867705699,S3-762618013,S2-428882562
S1-606709586	S2-988617107,S3-76862934,S3-310645133,S2-916242280
S1-520525594	S2-2944407,S3-746405414,S3-629896257,S3-746510702,S2-527161889
S1-824116252	S2-69171672,S2-393211788,S3-781390248,S3-960321477
S1-695299261	
S1-3214697	S3-33791942,S2-699113676,S2-992793439,S3-551120197
S1-746520696	S3-61043771
S1-659676151	S2-706014979,S2-20522817,S2-720786522,S3-232139319
S1-470673262	
S1-229263091	S3-640304994,S3-516962295,S3-840259206
S1-294499813	S2-19941797,S3-706765038,S3-749362712,S3-717066263
S1-852721633	S2-428392495,S3-51008783,S3-246302267,S2-712134630,S3-900727158,S3-947680369
S1-288213363	S2-786645733
S1-396705968	S3-501518331,S2-390675966,S3-592538556,S3-990066232
S1-440124379	S3-289587559,S2-147579509
S1-897836192	S2-646974956,S3-34549287,S3-220066395
S1-921945527	S2-121583098,S3-98549332,S3-431769553
S1-830578730	S3-502858933,S3-826849306,S3-575760190,S3-609126011
S1-665426580	S2-762965730,S3-582832270,S3-20467388,S3-319891703
S1-32603804	S2-403207485,S3-414771192
S1-495514538	S3-755912385,S2-219654295,S2-367778723,S2-393979084
S1-836853025	S2-702468451,S3-657191313,S3-82306714
S1-680380078	S3-688364106,S3-115180756,S2-292101825
S1-805017620	S3-916578312,S2-443489114,S2-859168284,S2-751767827,S2-710631185,S3-192709978,S3-741595245
S1-489756828	S3-259081825,S3-709607642,S3-240951671
S1-489507015	S3-920107870
S1-476212803	S2-252573484,S3-90000686
S1-221602842	S2-312797369,S2-904510317,S3-206283626,S3-959762635,S3-777954358,S3-744896615
S1-27908436	S3-962219652,S3-780438926,S2-784088364
